id,name,price,category,brand,description
1,TrailMaster X4 テント,250.0,テント,OutdoorLiving,"OutdoorLiving の TrailMaster X4 テントをご紹介します。次のキャンプ アドベンチャーで、自宅から離れた家のようなテントです。耐久性のあるポリエステルで作られたこのテントは、4 人用の広々とした内部を誇ります。防水構造により、霧雨が降る空の下でも濡れずに済みます。付属のレインフライが天候保護をさらに強化します。メッシュ パネルにより、さわやかな空気の流れと虫よけを提供します。複数のドアと小さなアイテムを整理できる内部ポケットにより、アクセス性も問題ありません。反射ガイ ラインにより夜間の視認性が向上し、自立型設計によりセットアップと移動が簡単になります。付属のキャリー バッグにより、この便利な住居の持ち運びが楽になります。1 泊の小旅行でも、1 週間の自然探検でも、TrailMaster X4 テントは快適性、利便性、そしてアウトドアと調和します。顧客満足を保証する 2 年間の限定保証付きです。"
2,アドベンチャー プロ バックパック,90.0,バックパック,HikeMate,"HikeMate のアドベンチャー プロ バックパックで荒野に冒険に出かけましょう。人間工学に基づいた快適さを念頭に独自に設計されたこのバックパックは、どんなに過酷な旅でも安定した旅を保証します。40L のたっぷりとした容量を誇り、耐久性のあるナイロン生地で包まれているため、最も過酷な活動でも長持ちします。整理された収納のための複数のコンパートメントとポケット、ハイドレーション システムとの互換性、調整可能なパッド入りショルダー ストラップなど、すべて軽量構造で細心の注意を払って作られています。胸部ストラップとヒップ ベルトの追加機能により、快適さを損なうことなく安定性が向上します。アドベンチャー プロ バックパックは、夜間に反射アクセントを付けて安全性も優先します。この浮遊感のある美しさは、必需品を運ぶだけではありません。ストレスのない冒険を約束します！"
3,サミット ブリーズ ジャケット,120.0,ハイキング ウェア,マウンテンスタイル,"マウンテンスタイルのサミット ブリーズ ジャケットでハイキングの楽しさを体験してください。この軽量ジャケットは、アウトドア アドベンチャーに最適なパートナーです。トレイル対応の防風デザインと防水生地を採用し、どんな天候にも耐えます。通気性のあるポリエステル素材と調節可能な袖口により、山を登るときも公園を散歩するときも、快適に過ごせます。また、洗練された黒色が機能にスタイルを加えています。ジャケットは、フルジップのフロント クロージャー、調節可能なフード、安全なジッパー付きポケットを備えています。裏地の快適さと、パッカブル デザインの便利さを体験してください。夜間のトレッキングにも適したこのジャケットには、視認性を高める反射アクセントが付いています。頑丈でありながらシックなサミット ブリーズ ジャケットは、ハイキングに欠かせないアイテムというだけでなく、新たな高みを目指すためのインスピレーションを与えてくれるギアです。冒険を選ぶなら、サミット ブリーズ ジャケットを選んでください。"
4,TrekReady ハイキングブーツ,140.0,ハイキング用フットウェア,TrekReady,"TrekReady ハイキングブーツのご紹介 - 一歩一歩、ハイキングのレベルを上げましょう! レザーで作られたスタイリッシュな Trailmates は長持ちするように作られています。TrekReady は補強されたステッチとつま先保護で耐久性を高め、旅が途中で止まることがないようにしています。快適さ? それもカバーされています! 通気性のある素材、クッション性のあるインソール、パッド入りの履き口とタンを備えたブーツは、軽量設計の中にきちんと収まっており、まさに天国です。よく言われるように、中身が重要です - 中身には湿気を逃がす裏地があり、隔離された臭いを消し、山頂のそよ風のように足を爽やかに保ちます。滑りやすい路面への恐怖を覚えていますか? このブーツがあれば、ついに「ハイキング」できます! 衝撃を吸収するミッドソールと優れたトラクション機能により、歩くたびに安定性が保証されます。伝統的なレースアップ システムを採用したこのハイキング ブーツは、冒険家なら誰もが手に入れるべき一足です。ハイキングをもっと楽しみ、心配は少なくしましょう。"
5,BaseCamp 折りたたみテーブル,60.0,キャンプ テーブル,CampBuddy,"CampBuddy の BaseCamp 折りたたみテーブルは、冒険家の最高の友です。軽量でありながらパワフルなこのテーブルは、楽しさと機能性が融合した製品であり、どんなお出かけも新たな高みへと引き上げます。弾力性があり、錆びにくいアルミニウムで作られたこのテーブルは、48 x 24 インチのゆったりとしたサイズのテーブルトップを誇り、食事やゲームなどに最適です。折りたたみ式のデザインは、外出中の探検家にとって天の恵みです。調節可能な脚は、不均一な地形にも対応し、高さを自由に調整できます。また、内蔵のハンドルで持ち運びが簡単です。滑り止めの脚、一体型カップ ホルダー、メッシュ ポケットなどの追加機能が、ちょっとした上品さを加えます。追加のツールを必要とせずに素早くセットアップできるこのテーブルは、キャンプ、ピクニック、その他の屋外イベントで静かに、かつ欠かせない相棒になります。BaseCamp 折りたたみテーブルでアウトドア体験を新たなレベルに引き上げるチャンスをお見逃しなく。今すぐご購入いただき、明日から新しい冒険に出かけましょう！"
6,EcoFire キャンプ用ストーブ,80.0,キャンプ用ストーブ,EcoFire,"EcoFire のキャンプ用ストーブは、あらゆるアウトドア アドベンチャーの究極の相棒です。このポータブルな驚異は、軽量でコンパクトなデザインで精密に設計されており、旅への情熱を捉えるのに最適です。高品質のステンレス スチール製で、耐久性と安定したパフォーマンスを約束します。このストーブは燃料効率が良いだけでなく、簡単で直感的な操作で手間のかからない調理を実現します。さらに、柔軟性があり、煮る、グリルする、星空の下で煮るなど、さまざまな調理方法に対応します。安定した構造、素早いセットアップ、調整可能な炎制御により、調理が簡単になり、安全機能が事故からあなたを守ります。効果的な風よけと持ち運びに便利なキャリー ケースも付属しています。それだけではありません。EcoFire キャンプ用ストーブは環境に優しく、環境への影響を最小限に抑えるように設計されています。キャンプ体験を向上させ、このユニークで多用途なストーブで、おいしいアウトドア料理をお楽しみください！"
7,CozyNights 寝袋,100.0,寝袋,CozyNights,"軽量の CozyNights 寝袋で、どんな季節でもアウトドアを満喫しましょう！この耐久性のある 3 シーズン バッグは、春、夏、秋の間、ハイカー、キャンパー、バックパッカーに快適さと暖かさを提供するように見事に設計されています。便利なスタッフサックに折りたためるコンパクトなデザインで、どんな冒険にも簡単に持ち運べます。寝袋は快適性を重視しており、便利なフード、十分なスペースとパッド、信頼性の高い温度定格を備えています。高品質のポリエステルで作られているため、長持ちします。また、別のバッグとジッパーで閉じて快適さを共有することもできます。星を眺めるときも、トレイルの合間にちょっと昼寝するときも、CozyNights 寝袋があれば、楽しいひとときを過ごせます。ただ眠るだけでなく、CozyNights で夢を見てください。"
8,アルパイン エクスプローラー テント,350.0,テント,AlpineGear,"アルパイン エクスプローラー テントでキャンプの楽しさを味わってください。この頑丈な 8 人用 3 シーズン テントは、AlpineGear ブランドの責任ある手によるものです。羊を数えるのと同じくらい簡単な、うらやましいセットアップを約束し、キャンプ体験を風通しの良い娯楽に変えます。プライバシーをお探しですか? 取り外し可能な仕切りで、すぐに別のスペースを作ることができます。通気性のあるテントがお好きですか? 多数のメッシュ ウィンドウと調整可能な通気口が、冒険の楽しみを台無しにする結露のドラゴンを撃退します。防水保証により、予期せぬ雨が降っても心配ありません。アウトドアの必需品を収納できるギア ロフトが組み込まれたアルパイン エクスプローラー テントは、プライバシー、快適さ、利便性のスムーズなバランスを実現します。簡単に言えば、このテントは単なるシェルターではなく、自然の中心にある第 2 の家です。ベテラン キャンパーでも、初心者でも、自然を愛する初心者にとって、このテントはアウトドアの探索を楽しい旅にしてくれます。"
9,SummitClimber バックパック,120.0,バックパック,HikeMate,"冒険は誰も待ってくれません！HikeMate SummitClimber バックパックは、あらゆる爽快な旅の頼れるパートナーです。たっぷり 60 リットルの容量と複数のコンパートメントとポケットで、荷造りは簡単です。すべての機能が快適性と利便性を示しています。人間工学に基づいたデザインと調節可能なヒップ ベルトは、心地よくパーソナライズされたフィット感を保証し、パッド入りのショルダー ストラップは持ち運びの負担からあなたを守ります。雨天に出かけますか？心配はいりません！一体型のレイン カバーが文字通りあなたを守ります。バックパックの水分補給システム互換性により、水分補給を維持できます。夕暮れ時に旅行しますか？反射アクセントにより、暗い場所でも視認性を確保します。SummitClimber バックパックは単なるキャリアではありません。頑丈で耐久性のあるナイロンで作られた着用可能なベース キャンプで、アウトドア アドベンチャー愛好家のために考え抜かれたデザインで、厳しい条件に耐え、何年も使用できます。さあ、その探求、つまり野生の冒険に出発しましょう。手招き！ SummitClimber バックパック - あらゆる遠征の心強い相棒！"
10,TrailBlaze ハイキング パンツ,75.0,ハイキング ウェア,MountainStyle,"MountainStyle の TrailBlaze ハイキング パンツは、トレイルのスタイリッシュなカーキ色のチャンピオンです。これは単なるパンツではありません。アウトドア アドベンチャーへのパスポートです。高品質のナイロン生地で作られたこの粋な兵士たちは、軽量で速乾性があり、小雨をはじく防水アーマーを備えています。通気性のあるデザインが汗を素早く発散させ、関節式の膝は山羊のような柔軟性を提供します。ジッパー付きのポケットは必需品を守り、ハイカーの最高の味方になります。あらゆるトレッキング トライアルに耐える耐久性を備えたこのパンツは、履いていることを忘れてしまうほど快適で人間工学に基づいたフィット感を備えています。こっそり覗いてみると、TrailBlaze ハイキングパンツの洗練された魅力にきっと魅了されるでしょう。このパンツなしではアウトドア ワードローブは完成しません。"
11,TrailWalker ハイキング シューズ,110.0,ハイキング フットウェア,TrekReady,"あらゆるアウトドア アドベンチャーに最適な仲間、TrekReady TrailWalker ハイキング シューズをご紹介します。合成皮革と通気性のあるメッシュで作られたこのシューズは、非常に丈夫でありながら驚くほど通気性に優れています。クッション性のあるインソールは、長時間のハイキングでも快適な履き心地を提供し、サポート力のあるミッドソールと多方向ラグ付きのトラクション アウトソールは、安定性と優れたグリップ力を保証します。クイック レース システム、パッド入りの履き口とタン、反射アクセントにより、このシューズは履くのが夢のようです。補強されたつま先キャップとヒールで荒れた地形に立ち向かうことから、保護マッドガードでトレイルのゴミを防ぐことまで、TrailWalker ハイキング シューズはあらゆるニーズに対応します。これらの防水戦士は、あらゆる気象条件に耐えられるように作られています。しかし、頑丈なだけでなく、羽のように軽く、壮大なハイキング中の疲労を最小限に抑えます。取り外し可能なインソールで、各ペアを完璧にフィットするようにカスタマイズできます。複数のサイズと幅をご用意しています。TrailWalker ハイキング シューズで、ハイキングを快適かつ自信を持って進めましょう。冒険に出かけましょう！"
12,TrekMaster キャンプ チェア,50.0,キャンプ テーブル,CampBuddy,"CampBuddy の TrekMaster キャンプ チェアで快適さを追求しましょう。この頼りになるアウトドア仲間は、高品質の素材を使用した頑丈な構造を誇り、これからの季節に耐久性と楽しさを約束します。非常に軽量で持ち運びに便利で、キャンプ、ピクニック、スポーツ イベントでの応援、または単に裏庭での楽しみを楽しむときなど、頼りになるシートとして設計されています。コンパクトに収納でき、持ち運びが簡単な折りたたみ式デザインに加え、細部にまで人間工学に基づいた魔法が詰まっています。調節可能なリクライニング、パッド入りのシートと背もたれ、一体型カップ ホルダー、サイド ポケットが、最高のアウトドア コンフォートを保証します。耐候性があり、お手入れが簡単で、さまざまな体型に対応できるこの多目的チェアには、次の冒険に備えるためのキャリーバッグも付属しています。"
13,PowerBurner キャンプ用ストーブ,100.0,キャンプ用ストーブ,PowerBurner,"PowerBurner デュアルバーナー キャンプ用ストーブで、あなたの内なる探検心を解き放ちましょう。冒険心を満たすように設計されており、頑丈な構造と高い熱出力により、沸騰や調理が簡単に行えます。このストーブは強度だけでなく、繊細さも兼ね備えています。調整可能な炎制御により、煮る、ソテーする、またはジュージューと音を立てる調理を完璧に行うことができます。コンパクトなデザインと一体型の持ち運び用ハンドルにより、持ち運びが楽になります。さらに、風雨に耐えるように作られており、風に強い外装と、素早く確実に始動できる圧電点火システムを誇ります。調理が終わったら、取り外し可能な格子で素早く簡単に片付けることができます。頑丈で多用途、そして信頼性に優れた PowerBurner は、実用性とパフォーマンスの完璧な融合を実現しています。さあ、今すぐ始めましょう。アウトドアでの料理の冒険を盛り上げましょう。"
14,MountainDream 寝袋,130.0,寝袋,MountainDream,"MountainDream 寝袋をご紹介します。アウトドアでの冒険に欠かせない新しい相棒です。3 シーズンのキャンプに楽に対応できるように設計されており、プレミアム合成断熱材が装備されているため、気温が 15°F まで下がっても暖かく過ごせます。耐久性のある防水ナイロン シェルと柔らかく通気性のあるポリエステル ライニングを備えたこの寝袋は、丈夫さのために快適さを犠牲にしていません。注目すべき点は、最適な保温性を提供するだけでなく、重量を軽減する輪郭のあるマミー型です。独自の引っ掛かり防止設計を採用した、滑らかで引っ掛かりのない YKK ジッパーにより、操作が簡単で、調節可能なフードとフルレングスのジッパー バッフルが連動して、一晩中暖かく過ごせます。必需品を持ち歩く必要がありますか? 心配無用! 専用の内ポケットがあります。そして、荷造りするときは? 付属の圧縮袋に入れるだけで、簡単に保管および輸送できます。バックパッキングのプロでも、キャンプ初心者でも、MountainDream 寝袋は、あなたが探し求めていた耐久性、暖かさ、快適さの完璧な組み合わせです。"
15,SkyView 2人用テント,200.0,テント,OutdoorLiving,"キャンプやハイキングの冒険にぴったりなOutdoorLiving SkyView 2人用テントをご紹介します。このテントは、2人が快適に過ごせる広々とした内部空間を備え、余裕のあるスペースを備えています。耐久性のある防水素材で作られており、天候から身を守るこのテントは、野外で必要な要塞です。直感的なデザインと色分けされたポールのおかげでセットアップは簡単で、2つの大きなドアから簡単にアクセスできます。内部ポケットで整理整頓し、2つの前室に追加のギアを収納できます。テントには効果的な通気性のためのメッシュパネルも付いており、さらに耐候性を高めるレインフライも付属しています。外出先での冒険にも十分な軽さで、持ち運び用バッグにコンパクトに収納でき、シームレスに持ち運ぶことができます。反射ガイラインにより夜間の視認性が向上し、安全性が高まります。テントは自由に立てられるため、さまざまな場所に配置できます。耐久性の向上を保証するダブルステッチの縫い目の信頼性を体験し、星空の下でリラックスしてください。 OutdoorLiving の SkyView 2 人用テント。これは単なるテントではありません。家から離れたあなたの家です。"
16,TrailLite デイパック,60.0,バックパック,HikeMate,"HikeMate の TrailLite デイパックでハイキングのレベルを上げましょう。快適性と効率性を重視して作られたこの軽量で丈夫なバックパックは、広々としたメインコンパートメント、複数のポケット、整理しやすい機能をすべて 1 つの洗練されたパッケージにまとめています。調節可能なショルダー ストラップとパッド入りの背面パネルにより、長く爽快なトレッキング中も最高の快適さが保証されます。デイパックの耐水性生地が予期せぬ雨から必需品を保護するので、心配することなく自然の中を歩けます。さらに、統合された水分補給システムにより、決して空になることはありません。豊富な色とデザインがあることもお伝えしましたか? アウトドア好きの魂に本当に響くものを選ぶことができます。視認性を考慮して、暗い場所で光る反射アクセントを追加しました。バックパックを背負うだけでなく、冒険の一歩先を行く相棒を身に着けましょう。トレイルライト デイパックなら、手間がかからず、楽しいハイキング体験ができます。"
17,レインガード ハイキング ジャケット,110.0,ハイキング ウェア,マウンテンスタイル,"マウンテンスタイル レインガード ハイキング ジャケットのご紹介 - アウトドア活動中の耐候性快適性のための究極のソリューションです。防水性と通気性に優れた生地でデザインされたこのジャケットは、快適であると同時にドライなアウトドア体験をお約束します。頑丈な構造が耐久性を保証し、調節可能なフードは風雨に対してカスタマイズ可能なフィット感を提供します。安全で便利な収納用の複数のポケットと調節可能な袖口と裾が特徴で、外出先でのニーズに合わせてジャケットを仕立てることができます。また、激しいアクティビティ中に過熱する心配はありません。通気性を高めるための通気ジッパーが装備されています。反射ディテールにより、暗い場所でも視認性を確保し、夜間のトレッキングに最適です。軽量で収納可能なデザインなので、バックパックの中に入れておくのに最小限の労力しかかかりません。男性と女性用のオプションを備えた RainGuard ハイキング ジャケットは、ハイキング、キャンプ、トレッキング、その他数え切れ​​ないほどのアウトドア アドベンチャーに最適です。天候に邪魔されないでください。MountainStyle RainGuard ハイキング ジャケットでアウトドアを満喫しましょう。"
18,TrekStar ハイキング サンダル,70.0,ハイキング フットウェア,TrekReady,"TrekReady の TrekStar ハイキング サンダルは、究極のトレイル コンパニオンです。快適さと耐久性を考慮して設計されたこの軽量サンダルは、ハイキング トレイルから世界を眺めることを好む方に最適です。足の輪郭にぴったりとフィットする調節可能なストラップを備えています。通気性のあるデザインで、足は涼しくドライな状態を保ち、長い夏のトレッキングで汗をかいたハイキング ブーツの不快感から解放されます。深いトレッドのゴム製アウトソールは、どんな地形でも優れたトラクションを確保し、クッション性のあるフットベッドは、歩くたびに快適さを高めます。ワイルドで予測不可能なトレイルでは、つま先保護機能と衝撃吸収ミッドソールが岩場から足を守ります。取り外し可能なインソールは独創的なデザインで、お手入れやメンテナンスが簡単で、サンダルの寿命を延ばします。さまざまなサイズと美しいブラウンカラーが揃った多用途の TrekStar ハイキングサンダルは、公園での気軽な散歩にも岩場の斜面を歩くときも快適です。TrekReady でもっと探検しましょう！"
19,アドベンチャー ダイニング テーブル,90.0,キャンプ テーブル,CampBuddy,"CampBuddy アドベンチャー ダイニング テーブルでアウトドア アドベンチャーの楽しさを発見してください。この機能満載のキャンプの必需品は、思い出に残る旅行に快適さと便利さをもたらします。高品質のアルミニウム製で、長持ちするパフォーマンス、耐候性、メンテナンスのしやすさを約束します。これらはすべてアウトドアに欠かせないものです。軽量で持ち運びやすく、さまざまな座席配置に合わせて高さを調整でき、広々とした表面には食事、飲み物、その他の必需品を快適に収納できます。頑丈でありながら軽量なフレームは、食べ物、食器、調理器具を簡単に保持します。片付けるときは、簡単に折りたたんで収納でき、次の冒険に備えることができます。キャンプ、ピクニック、バーベキュー、ビーチでの外出に最適。その汎用性は夏の太陽のように明るく輝きます。耐久性があり、頑丈で、簡単にセットアップできるアドベンチャー ダイニング テーブルは、あらゆる旅行の忠実な仲間になります。次の冒険に乗り出し、CampBuddy で一生の思い出を作りましょう。すべての良い経験と同様に、もっと体験したくなるはずです!"
20,CompactCook キャンプ用ストーブ,60.0,キャンプ用ストーブ,CompactCook,"CompactCook キャンプ用ストーブで大自然に出かけましょう。これは、キャンプでの料理のあらゆるニーズに最適な、便利で軽量なコンパニオンです。過酷な環境向けに設計された堅牢なデザインを誇り、いつでもどこでも食事を作ることができます。耐風性と燃料の汎用性を備え、効率的な調理性能と相まって、冒険中に天候や味覚の弱さを心配する必要がありません。簡単な点火技術と調整可能な炎制御により、公園を散歩するのと同じくらい簡単に調理でき、コンパクトで折りたたみ可能なデザインにより、荷造りも簡単です。家族とキャンプをする場合でも、一人でハイキングする場合でも、この信頼性の高いポータブルストーブは、ギアに欠かせないアイテムです。頑丈な構造と安全性を重視した設計の CompactCook キャンプ用ストーブは、他のストーブより一歩優れており、耐久性、品質、安心感を提供します。CompactCook キャンプ用ストーブでワイルドに、自由に、そして料理を楽しみましょう。"
